kind,words,diversity,witnesses,anchor_density,variants,seconds
pairwise,500,0.10,2,0.1140,1,0.001284
pairwise,500,0.30,2,0.2900,6,0.001329
pairwise,500,0.60,2,0.5920,12,0.001417
pairwise,500,0.90,2,0.8980,23,0.001457
pairwise,1000,0.10,2,0.1090,9,0.002616
pairwise,1000,0.30,2,0.3240,12,0.002640
pairwise,1000,0.60,2,0.5970,30,0.002789
pairwise,1000,0.90,2,0.8930,37,0.002925
pairwise,2000,0.10,2,0.1050,9,0.005129
pairwise,2000,0.30,2,0.3005,18,0.005453
pairwise,2000,0.60,2,0.6060,50,0.008356
pairwise,2000,0.90,2,0.8890,67,0.006128
pairwise,4000,0.10,2,0.0963,15,0.010144
pairwise,4000,0.30,2,0.2913,42,0.011280
pairwise,4000,0.60,2,0.5972,126,0.012280
pairwise,4000,0.90,2,0.9028,139,0.012879
pairwise,8000,0.10,2,0.1005,31,0.020336
pairwise,8000,0.30,2,0.3061,107,0.023561
pairwise,8000,0.60,2,0.6091,201,0.026487
pairwise,8000,0.90,2,0.8996,355,0.027688
graph,2000,0.60,2,0.6130,78,0.010522
graph,2000,0.60,3,0.6055,119,0.018470
graph,2000,0.60,5,0.5910,206,0.034830
graph,2000,0.60,8,0.6075,368,0.059054
